{
  "cacheBootResources": true,
  "config": [
    "appsettings.json"
  ],
  "debugBuild": false,
  "entryAssembly": "BlazorApp",
  "linkerEnabled": true,
  "resources": {
    "assembly": {
      "BlazorApp.dll": "sha256-04wibb4qTWIx\/GxiXWBZlsd5QiH8PcdQQBPPrIZExs8=",
      "Microsoft.AspNetCore.Authorization.dll": "sha256-8LWqLTdcok7DjGiAYi5cL6JFjVyhRZbO45n3nqBmEN4=",
      "Microsoft.AspNetCore.Components.dll": "sha256-m+lTEz5KJctQJqCZFPQZbLhObuS\/GloNx5VYYcL1Eqs=",
      "Microsoft.AspNetCore.Components.Forms.dll": "sha256-i2ANafrnD8CXBmF00GyfOYgSzKObyYBSCZOIfZ5kpkI=",
      "Microsoft.AspNetCore.Components.Web.dll": "sha256-7SO\/XXvGwURSPN3xKP3bVkAHScrWRyHCaRAARQuw9W8=",
      "Microsoft.AspNetCore.Components.WebAssembly.dll": "sha256-nFl7KbYTttp8j\/lQhh9yGRk1HPIXJGu7nhvpAT5yO0Y=",
      "Microsoft.AspNetCore.Metadata.dll": "sha256-Wwl0JgrUSSk3V7XPn7XPeR\/79gfB1XBu7N63mvtWFdI=",
      "Microsoft.Bcl.AsyncInterfaces.dll": "sha256-OBWh2or+2mU6elwqPfmL72FBZVKl2WzTJ4L\/IrKeXM4=",
      "Microsoft.Extensions.Configuration.Abstractions.dll": "sha256-yD\/M988Sc10L+m7N5cda17X7wEiBoKe6E1MAQXeOO2E=",
      "Microsoft.Extensions.Configuration.dll": "sha256-JW5B2Cv1q2CYU6l1IW+9nY1Mo5HwLazSx5Ef9Jk1zuw=",
      "Microsoft.Extensions.Configuration.Json.dll": "sha256-FdADjOYiigXh9NNJx3Fb3\/yPN5MrGCBg9V9MZUje\/W4=",
      "Microsoft.Extensions.DependencyInjection.Abstractions.dll": "sha256-VHFN1bmHhEx63+Av49k+DBhGXPLiQEK+wJ9g3y6paL4=",
      "Microsoft.Extensions.DependencyInjection.dll": "sha256-OCOG0xUyy45Dhnj2n8mwkwMUjcBkk4hzkb12Of8N\/E0=",
      "Microsoft.Extensions.Logging.Abstractions.dll": "sha256-RtZnHRvhExXr0V58hKxM45DXSka4j0hna512AYw3AaU=",
      "Microsoft.Extensions.Logging.dll": "sha256-rsDHn0PCe75xpf0mFFz0853xMpMa2\/+YJ5AcPX\/B+IQ=",
      "Microsoft.Extensions.Options.dll": "sha256-2m4LG6Maf+yeLjMUWIigI2Rc28gjF+B5E2OOirIUDQ0=",
      "Microsoft.Extensions.Primitives.dll": "sha256-XjGB+xsAp8FO2E+FSrlGA6o\/DL6WwozfuFp\/25JtQzk=",
      "Microsoft.JSInterop.dll": "sha256-eaZG6YsghWo2fCflSEUAZFkHB6+da\/HWrquthjUz3Xc=",
      "Microsoft.JSInterop.WebAssembly.dll": "sha256-czNf3btAeBW\/vvID5LAfgcsNZ+GM3ssVuPaMflcg0rs=",
      "Mono.Security.dll": "sha256-GtyMBKEHyjVMPPhNdNttAvoHWZ1bb5oyrGc\/7PXVGwA=",
      "mscorlib.dll": "sha256-MMWR8tC3j2pwGfF0+rx3ORwav9igx87hd2DrW+1mffA=",
      "netstandard.dll": "sha256-hcG0Wht1rUZh3tZZYNN2SMyQ5h2ijUczIe\/CuqisK0o=",
      "System.ComponentModel.DataAnnotations.dll": "sha256-Vcm5QEhqknjcT3r4FgmcuCOkJ10D01bl70UsA+bwjSY=",
      "System.Core.dll": "sha256-0WnCrQrjQsl1DEtVFYdpo1kgMtwhbQUvadiii9xVh3s=",
      "System.dll": "sha256-PfuNzf335BaX1Unh6kBkW7Vams+4Lo\/caPl+4+wF+u8=",
      "System.Net.Http.dll": "sha256-J+McKu3CU+zoRZxXlk37cvqpLTaHUc48pT60YLq2G1Y=",
      "System.Net.Http.Json.dll": "sha256-dSm5W7bnt0WYhBrwkb02xhtf2QZqcIEkrtnqCcInVeI=",
      "System.Net.Http.WebAssemblyHttpHandler.dll": "sha256-QBvRgUXm5yFKCecfIYoPP1mZy\/YpokGhxuFGxySJBbQ=",
      "System.Runtime.CompilerServices.Unsafe.dll": "sha256-URpqat2TBGEOtLKINwoYooeIvA12bs\/fDuIQ2UH33Qg=",
      "System.Text.Encodings.Web.dll": "sha256-cGRxnTjiI6mNDAmB3FEW1den2X7AelfxhhxmgHTE7Q4=",
      "System.Text.Json.dll": "sha256-ymucaLnMndXJbKBI\/HjmxGb1kjbk4uJGOChDmtOtsd8=",
      "WebAssembly.Bindings.dll": "sha256-B44s7Yz\/WJHIm9rwiHFEClacpqQvC1+ZjK9izh0utGg="
    },
    "pdb": null,
    "runtime": {
      "dotnet.3.2.0.js": "sha256-mPoqx7XczFHBWk3gRNn0hc9ekG1OvkKY4XiKRY5Mj5U=",
      "dotnet.timezones.dat": "sha256-3S0qzYaBEKOBXarzVLNzNAFXlwJr6nI3lFlYUpQTPH8=",
      "dotnet.wasm": "sha256-UC\/3Rm1NkdNdlIrzYARo+dO\/HDlS5mhPxo0IQv7kma8="
    },
    "satelliteResources": null
  }
}